author,title,link
"Tsumiki","စာကျက်ချင်စိတ်","https://t.me/TheBookR/967?single"
"Whisper Of Words","၄ စောင်တွဲ ဝတ်ရွတ်စဉ်","https://t.me/TheBookR/2318?single"
"ကက်စပါဇော်","ပျော်ရွှင်ဖို့ လိုအပ်တဲ့ သတ္တိ","https://t.me/TheBookR/1250?single"
"ကက်စပါဇော်","ရှင်းလင်းစွာ စဉ်းစားခြင်း အနုပညာ","https://t.me/TheBookR/2810?single"
"ကက်စပါဇော်","လူမကြိုက်တာ ခံရဲတဲ့ သတ္တိ","https://t.me/TheBookR/1089?single"
"ကိုကိုလေး","ခွင့်လွှတ်ပါ တင်နော်ဟေကာ","https://t.me/TheBookR/2363?single"
"ကိုစိုးထိုက်(ဖဒို)","မြေစာပင်","https://t.me/TheBookR/3417?single"
"ကိုစိုးထိုက်(ဖဒို)","နံနက်ခင်းမှာလင်းတဲ့ကြယ်","https://t.me/TheBookR/378?single"
"ကိုစိုးထိုက်(ဖဒို)","ကျွန်တော်နှင့် ပန်းကလေးများ","https://t.me/TheBookR/1429?single"
"ကိုစိုးထိုက်(ဖဒို)","အရိပ်ဖြူ","https://t.me/TheBookR/3132?single"
"ကောင်းမြတ်လွန်းသော်","ပါဆီဂျက်ဆန်နှင့် အိုလံပစ် နတ်ဘုရားများ မိုးကြိုးခိုးသူ","https://t.me/TheBookR/3090?single"
"ကောင်းမြတ်လွန်းသော်","ပါဆီဂျက်ဆန်နှင့် အိုလံပစ် နတ်ဘုရားများ မိစ္ဆာပင်လယ်","https://t.me/TheBookR/3185?single"
"ကောင်းမြတ်လွန်းသော်","ပါဆီဂျက်ဆန်နှင့် အိုလံပစ် နတ်ဘုရားများ ကမ္ဘာဦးကျိန်စာ","https://t.me/TheBookR/3226?single"
"ကောင်းမြတ်လွန်းသော်","ပါဆီဂျက်ဆန်နှင့် အိုလံပစ် နတ်ဘုရားများ မှော်ဝင်္ကပါတိုက်ပွဲ","https://t.me/TheBookR/3252?single"
"ကောင်းမြတ်လွန်းသော်","ပါဆီဂျက်ဆန်နှင့် အိုလံပစ် နတ်ဘုရားများ ဒမ်မီဂေါ့ မှတ်စုများ","https://t.me/TheBookR/3348?single"
"ကောင်းမြတ်လွန်းသော်","ပါစီဂျက်ဆန်နှင့် အိုလံပစ်နတ်ဘုရားများ ကျိန်စာသင့်ဓား","https://t.me/TheBookR/3494?single"
"ကျော်လင်းဆွေ","ဟာရူကီမူရာကာမိ ငလျင်အလွန်ဝတ္ထုတိုများ","https://t.me/TheBookR/3426?single"
"ကျော်လှိုင်ဦး","ဖရန်ကင် စတိန်","https://t.me/TheBookR/3018?single"
"ကျော်လှိုင်ဦး","တစ္ဆေ","https://t.me/TheBookR/3043?single"
"ကျော်လှိုင်ဦး","ငြိမ်းတယ် ချမ်းတယ် မိုး","https://t.me/TheBookR/2090?single"
"ကျော်အောင်","ငန်းရိုင်းများ","https://t.me/TheBookR/2314?single"
"ကျော်အောင်","ချက်ကော့ ဝတ္ထုတိုများ","https://t.me/TheBookR/2180?single"
"ကျော်အောင်","အနိုင်မခံ","https://t.me/TheBookR/804?single"
"ကျော်အောင်","အို ဂျေရုဆလင်","https://t.me/TheBookR/798?single"
"ကြည်ကြည်မာ","မျောက်မင်း စွင်းဝုခုန်း","https://t.me/TheBookR/2691?single"
"ကြည်အေး","မီ","https://t.me/TheBookR/920?single"
"ကြည်အေး","ကျွန်မပညာသည်","https://t.me/TheBookR/910?single"
"ကြည်အေး","မှန်၏မှောင်ရိပ်","https://t.me/TheBookR/1355?single"
"ကြည်အေး","မောင် ကိုကိုနှင့် မြနန္ဒာ","https://saroatsin.com/book/2b514dae-605e-4f57-9ed1-07f048dbed21"
"ခက်ဇော်(ဗြိတိသျှကိုကိုမောင်)","AVA 1740s 1+2","https://t.me/TheBookR/19?single"
"ခက်ဇော်(ဗြိတိသျှကိုကိုမောင်)","BEYOND AVA 1750s","https://t.me/TheBookR/20?single"
"ခက်ဇော်(ဗြိတိသျှကိုကိုမောင်)","The Fall of Hantharwaddy 1757","https://t.me/TheBookR/22?single"
"ခက်ဇော်(ဗြိတိသျှကိုကိုမောင်)","The Guys from Mandalay, 1950s","https://t.me/TheBookR/23?single"
"ခက်ဇော်(ဗြိတိသျှကိုကိုမောင်)","The Guys of Yangon, 1930s","https://t.me/TheBookR/25?single"
"ခက်ဇော်(ဗြိတိသျှကိုကိုမောင်)","Princess in the Darkness, 1970s","https://t.me/TheBookR/26?single"
"ခက်ဇော်(ဗြိတိသျှကိုကိုမောင်)","Princess in the Darkness, 1990s","https://t.me/TheBookR/27?single"
"ခက်ဇော်(ဗြိတိသျှကိုကိုမောင်)","Princess in the Darkness မြိုင်","https://t.me/TheBookR/28?single"
"ခက်ဇော်(ဗြိတိသျှကိုကိုမောင်)","The Rebels of Anyar, 1920s","https://t.me/TheBookR/29?single"
"ခက်ဇော်(ဗြိတိသျှကိုကိုမောင်)","ဆယ့်နှစ်ကြိုးခင်သုန်","https://t.me/TheBookR/30?single"
"ခက်ဇော်(ဗြိတိသျှကိုကိုမောင်)","Lady Shoes","https://t.me/TheBookR/31?single"
"ခက်ဇော်(ဗြိတိသျှကိုကိုမောင်)","နေထွက်ဘုရင်","https://t.me/TheBookR/32?single"
"ခက်ဇော်(ဗြိတိသျှကိုကိုမောင်)","Gender Line","https://t.me/TheBookR/33?single"
"ခက်ဇော်(ဗြိတိသျှကိုကိုမောင်)","ဘောနက်ကြီးရဲဘက်စခန်းမှ လူမိုက်ကြီးများ","https://t.me/TheBookR/34?single"
"ခက်ဇော်(ဗြိတိသျှကိုကိုမောင်)","ကွန်မန်ဒို ဘချို","https://t.me/TheBookR/35?single"
"ခက်ဇော်(ဗြိတိသျှကိုကိုမောင်)","ရွာလမ်း","https://t.me/TheBookR/1860?single"
"ခက်ဇော်(ဗြိတိသျှကိုကိုမောင်)","အလောင်း","https://t.me/TheBookR/758?single"
"ခက်ဇော်(ဗြိတိသျှကိုကိုမောင်)","ကျွန်တော်နှင့် ပေါ့ပေါ့ပါးပါး ဒုက္ခများ","https://t.me/TheBookR/451?single"
"ခက်ဇော်(ဗြိတိသျှကိုကိုမောင်)","ထားဝယ်နှင်းဆီ","https://t.me/TheBookR/372?single"
"ခက်ဇော်(ဗြိတိသျှကိုကိုမောင်)","ဆယ်ကျော်သက်တစ်ယောက်ရဲ့ လက်ကောက်ဝတ်","https://t.me/TheBookR/285?single"
"ခင်ခင်ထူး","တောမင်း သမီး","https://t.me/TheBookR/3300?single"
"ခင်ခင်ထူး","ဝတ်လဲတော် ရွှေပုဆိုးတန်းထိုးလို့ကြိုမယ်","https://t.me/TheBookR/206?single"
"ခင်စန်းမွန်","တံလျှပ်၏ တစ်ဖက်ကမ်းမှာ","https://t.me/TheBookR/794?single"
"ခင်ဆွေဦး","နှင်းဆီက‌မွှေး","https://t.me/TheBookR/2551?single"
"ခင်နှင်းယု","မွှေး","https://t.me/TheBookR/922?single"
"ခင်နှင်းယု","ပန်းပန်လျက်ပါ","https://t.me/TheBookR/2343?single"
"ခင်နှင်းယု","မွှေး + ကုသိုလ်ကြမ္မာ မမှီပါခဲ့ + အတွတ်ရေ + ကျွန်တော်တင်အောင်ထွန်း","https://t.me/TheBookR/2498?single"
"ခင်မျိုးချစ်","မ","https://t.me/TheBookR/264?single"
"ချစ်စံဝင်း","ဤခရီး နီးသလား","https://t.me/TheBookR/813?single"
"ချစ်စံဝင်း","ဆနဖွပ်သည့် အဘိုးအို","https://t.me/TheBookR/1116?single"
"ချစ်ဦးညို","ရှင်စောပု","https://t.me/TheBookR/1402?single"
"ချစ်ဦးညို","ချစ်သူ မင်းနန္ဒာ","https://t.me/TheBookR/892?single"
"ချစ်ဦးညို","လင်္ကာဒီပ ချစ်သူ","https://t.me/TheBookR/328?single"
"ချမ်းငြိမ်း(ဟံသာဝတီ)","အိမ်ကျွန်","https://t.me/TheBookR/3046?single"
"ချိုပိန်းနောင်","လနီနီကိုမြင်တဲ့လူ","https://t.me/TheBookR/2901?single"
"ချိုပိန်းနောင်","၁၀ လွှာ","https://t.me/TheBookR/3165?single"
"ဂျာနယ်ကျော်မမလေး","နတ်ရေးငယ် ရွှေစာ","https://t.me/TheBookR/1528?single"
"ဂျာနယ်ကျော်မမလေး","မုန်း၍မဟူ","https://t.me/TheBookR/1068?single"
"ဂျာနယ်ကျော်မမလေး","ရင်မှ တစ်ရှိုက်","https://t.me/TheBookR/981?single"
"ဂျာနယ်ကျော်မမလေး","သွေး","https://t.me/TheBookR/491?single"
"ဂျာနယ်ကျော်ဦးချစ်မောင်","သူ","https://t.me/TheBookR/1687?single"
"ဂျိုဇော်","နာရီထဲက တံလျှပ်များ ဝတ္ထုတိုစု","https://t.me/TheBookR/2487?single"
"ဂျူး","မြစ်တို့၏မာယာ","https://t.me/TheBookR/734?single"
"ဂျူး","အောက်ခြေသန်းတစ်ထောင်","https://t.me/TheBookR/746?single"
"ဂျူး","အမှတ်တရ","https://t.me/TheBookR/935?single"
"ဂျူး","မိန်းမတစ်ယောက်ရဲ့ ဖွင့်ဟဝန်ခံချက်","https://t.me/TheBookR/973?single"
"ဂျူး","ပင်လယ်နှင့်တူသော မိန်းမများ","https://t.me/TheBookR/1140?single"
"ဂျူး","သူ မင်းကို ဘယ်တော့မှ","https://t.me/TheBookR/1156?single"
"ဂျူး","သက်တံတို့ဖြင့် ရက်ဖွဲ့ ချစ်သူရဲ့ ခြုံလွှာ","https://t.me/TheBookR/1224?single"
"ဂျူး","ကြေမွသွားသော တိမ်တိုက်များ အကြောင်း","https://t.me/TheBookR/1303?single"
"ဂျူး","နံရံ၏ အခြားတစ်ဖက်","https://t.me/TheBookR/1308?single"
"ဂျူး","လရဲ့ အောက်ဘက် မိုင်အဝေးမှာ","https://t.me/TheBookR/1316?single"
"ဂျူး","ကြယ်ကြွေတို့ရဲ့ အတောင်ပံ","https://t.me/TheBookR/1332?single"
"ဂျူး","ကြာတော့သည်လည်း မောင့်စကား","https://t.me/TheBookR/1863?single"
"ဂျူး","ကြယ်စင်တံတား","https://t.me/TheBookR/877?single"
"ဂျူး","ချစ်သူလား စံကားတစ်ပွင့် ပွင့်ခဲ့တယ်","https://t.me/wownewbook/5"
"ဂျူး","ဆုံနေရက်နဲ့ လွမ်းလေခြင်း","https://t.me/wownewbook/7"
"ငြိမ်းကျော်","သမုဒယ မော်ကွန်း တွင်ရစ်စေသတည်း","https://t.me/TheBookR/2589?single"
"ငြိမ်းကျော်","အပြာရောင်သစ်ခွပွင့်ရဲ့ သမိုင်းအစ","https://t.me/TheBookR/2681?single"
"ငြိမ်းကျော်","လွမ်းလို့ ကျန်ရစ်ခဲ့မှာကို အားနာပါတယ်လေ","https://t.me/TheBookR/2854?single"
"ငြိမ်းကျော်","ကျွန်တော် လွမ်းသည် ကျမ လွမ်းသည်","https://t.me/TheBookR/3453?single"
"ငြိမ်းအေးအိမ်","ကော်ဖီဆိုင်","https://t.me/TheBookR/248?single"
"ငြိမ်းအေးအိမ်","ငှက်တွေ ဆောင်းမခိုမီ","https://t.me/TheBookR/3110?single"
"စစ်ငြိမ်း","မသေပါနဲ့ မနှင်းဆီ","https://t.me/TheBookR/2084?single"
"စစ်ငြိမ်း","ချစ်သော Emily","https://t.me/TheBookR/2021?single"
"စမ်းစမ်းနွဲ့ (သာယာဝတီ)","ခေါက်ထီးလေး မလုံ့တလုံ","https://t.me/TheBookR/1200?single"
"စိန်ဝင်းစိန်","မိုင်ပေါင်းတစ်ထောင်","https://t.me/TheBookR/2037?single"
"စိန်ဝင်းစိန်","ကဘူးလ်မြို့က စာအုပ်ဆိုင်ပိုင်ရှင်","https://t.me/TheBookR/2506?single"
"စိုးဘားဒိုင်","ရေမျောကမ်းမဲ့ပွဲတော်","https://t.me/TheBookR/1290?single"
"စံပယ်ဖြူနု","အလွမ်းဆိုင်","https://t.me/TheBookR/1574?single"
"စံပယ်ဖြူနု","ရှေးရှေးတုန်းက ကံ့ကော်ပွင့်တွေ","https://t.me/TheBookR/2982?single"
"ဆင့်ညီ","Hope","https://t.me/TheBookR/1102?single"
"ဆင်ဖြူကျွန်းအောင်သိန်း","နေမင်းတစ်ထောင်","https://t.me/TheBookR/1319?single"
"ဆလိုင်းပါကျင်","ချေဂွေဗားရား ပြောက်ကျားစစ်","https://t.me/TheBookR/1040?single"
"ဇင်ဝေသော်","နားဝင်မချိုတဲ့ အမှန်တရားများ","https://t.me/TheBookR/3466?single"
"ဇဏ်ခီ","ကိုယ်တိုင် သိရှိသွားမှု","https://t.me/TheBookR/435?single"
"ဇော်ဂျီ","လမ်းသစ်နှင် အခြားဝတ္ထုတိုများ","https://t.me/TheBookR/2929?single"
"ဇော်ဂျီ","ကဗျာပေါင်းချုပ်","https://t.me/TheBookR/3591"
"ဇော်ဇော်အောင်","မကြည်ပြာနှင့် ယုဇနမခင်ပျို","https://t.me/TheBookR/2918?single"
"ဉာဏ်လင်အောင်","ငါဆိုတာ (It's Me)","https://t.me/TheBookR/1675?single"
"ညီနောင်","စကြာဝဠာ ခရီးသည်","https://t.me/TheBookR/2124?single"
"ညီပုလေး","လမင်းရဲ့ ချိုသာတဲ့ လက်ခုပ်သံ","https://t.me/TheBookR/1108?single"
"ညီပုလေး","ထက်မြက်တဲ့ ဓားသွားပေါ်က ချိုမြမြ ပျားရည်စက်","https://t.me/TheBookR/1082"
"ညွန့်ကြူး","ပင်လယ် ဝံပုလွေ","https://t.me/TheBookR/2821?single"
"တက္ကသိုလ်နန္ဒမိတ်","ဘဝတိုက်ပွဲ","https://t.me/TheBookR/1500?single"
"တက္ကသိုလ်နန္ဒမိတ်","တသိမ့်သိမ့်ဒွန်","https://t.me/TheBookR/3241?single"
"တက္ကသိုလ်နေဝင်း","ရှိုးဂန်း","https://t.me/TheBookR/2713?single"
"တက္ကသိုလ်နေဝင်း","ဂေါ့ဒ် ဖားသား","https://t.me/TheBookR/2645?single"
"တက္ကသိုလ်နေဝင်း","စက္ကင်းလေဒီ","https://t.me/TheBookR/2017?single"
"တက္ကသိုလ်ဘုန်းနိုင်","လွမ်းတေးမဆုံးစေနှင့် စောသခင်","https://t.me/TheBookR/1896?single"
"တက္ကသိုလ်ဘုန်းနိုင်","ပိတောက်ပွင့်ဆဲ လသာဆဲဝယ်","https://t.me/TheBookR/1886?single"
"တက္ကသိုလ်ဘုန်းနိုင်","တန်ခူးလေနှင့် လျောတော့သည်","https://t.me/TheBookR/1796?single"
"တက္ကသိုလ်ဘုန်းနိုင်","ပိတောက်နှင့်ကြိုပါမည် မာရီယာ","https://t.me/TheBookR/1790?single"
"တက္ကသိုလ်ဘုန်းနိုင်","သာ၍ဝေးရာဆီကိုပါ","https://t.me/TheBookR/1771?single"
"တက္ကသိုလ်ဘုန်းနိုင်","သဇင်ခင်းသည့် ချစ်ခြင်းမွေ့စက်ရာ","https://t.me/TheBookR/1700?single"
"တက္ကသိုလ်ဘုန်းနိုင်","နွေကန္တာဦး","https://t.me/TheBookR/1414?single"
"တက္ကသိုလ်ဘုန်းနိုင်","ဝသန်လေချိန်မှန်ကူး","https://t.me/TheBookR/1383?single"
"တက္ကသိုလ်ဘုန်းနိုင်","မောင့်ဘဝ ည အလားကွယ်","https://t.me/TheBookR/1373?single"
"တက္ကသိုလ်ဘုန်းနိုင်","ညနက်နက်မှာ လထွက်ခြင်း","https://t.me/TheBookR/1278?single"
"တက္ကသိုလ်ဘုန်းနိုင်","လေရူးသည် စာမတတ်ပါ","https://t.me/TheBookR/1128?single"
"တက္ကသိုလ်ဘုန်းနိုင်","သူ့ကျွန်မခံပြီ","https://t.me/TheBookR/293?single"
"တက္ကသိုလ်ဘုန်းနိုင်","မိုးည အိပ်မက်မြူ","https://t.me/TheBookR/292?single"
"တက္ကသိုလ်ဘုန်းနိုင်","နှင်းငွေ့တစ်ထောင့် မိုးတစ်မှောက်","https://t.me/TheBookR/291?single"
"တက္ကသိုလ်ဘုန်းနိုင်","ညီမလေးရယ် စိုးရိမ်တယ်","https://t.me/TheBookR/289?single"
"တက္ကသိုလ်ဘုန်းနိုင်","စိမ်းနေဦးမည့် ကျွန်တော့်မြေ","https://t.me/TheBookR/288?single"
"တက္ကသိုလ်ဘုန်းနိုင်","ကမ္ဘာကုန် ကျယ်သ၍","https://t.me/TheBookR/287?single"
"တက္ကသိုလ်ဘုန်းနိုင်","သူငယ်ချင်းလို့ပဲ ဆက်၍ခေါ်မည် ခိုင်","https://t.me/TheBookR/286?single"
"တက်တိုး","ကမ္ဘာ့ ဆိုးပေကြီးများ","https://t.me/TheBookR/2147?single"
"တက်တိုး","ခုနှစ်ဆောင်ပြိုင် အိမ်ကြီး","https://t.me/TheBookR/2031?single"
"တင့်တယ်","မာနနှင့် အာဃာတ","https://t.me/TheBookR/3256?single"
"တင့်တယ်","အိုဘယ့်ကံ","https://t.me/TheBookR/2185?single"
"တင်ညွန့်","ပန်းနီနီကျိန်စာ","https://t.me/TheBookR/1758?single"
"တင်ညွန့်","ရိုးမပေါ်မှာ ကျတဲ့ မျက်ရည်","https://t.me/TheBookR/448?single"
"တင်မောင်မြင့်","စကားလက် သို့မဟုတ် လေရူးသုန်သုန် အဆက်","https://t.me/TheBookR/3062?single"
"တင်မောင်မြင့်","ချက်ကော့ဗ်၏ လက်ရွေးစင် ဝတ္ထုတိုများ","https://t.me/TheBookR/3023?single"
"တင်မောင်မြင့်","မိစ္ဆာဝင်္ကပါ","https://t.me/TheBookR/2914?single"
"တင်မောင်မြင့်","ပြစ်မှုနှင့် ပြစ်ဒဏ်","https://t.me/TheBookR/1824?single"
"တင်မောင်မြင့်","မြကတ္တီပါလမ်း","https://t.me/TheBookR/1879?single"
"တင်မောင်မြင့်","မေတ္တာရှာပုံတော်","https://t.me/TheBookR/1808?single"
"တင်မောင်မြင့်","မာတင်လူသာကင်း(အငယ်)နှင့် ကျွန်မဘဝ","https://t.me/TheBookR/1408?single"
"တင်မောင်မြင့်","နွေကန္တာ","https://t.me/TheBookR/1284?single"
"တင်မောင်မြင့်","မမရေချယ်","https://t.me/TheBookR/1188?single"
"တင်မောင်မြင့်","မျှော်","https://t.me/TheBookR/884?single"
"တင်မောင်မြင့်","တောင်ပံမဲ့ သင်းကွဲတေးဆိုငှက်","https://t.me/TheBookR/3432?single"
"တင်မောင်မြင့်","နွေကန္တာ မြကတ္တီပါလမ်း မှသည် မဟာရံတံတိုင်း ဆီသို့","https://t.me/TheBookR/1856?single"
"တင်မောင်မြင့်","Anna Karenina","https://t.me/TheBookR/3125?single"
"တင်မောင်မြင့်","တသိမ့်သိမ့်ဒွန်","https://t.me/TheBookR/3240?single"
"တင်ဦးခက်","ကချေသည်မာတာဟာရီ","https://t.me/TheBookR/3030?single"
"တင်ဦးခက်","မြေအောက်မှတ်တမ်း","https://t.me/TheBookR/2483?single"
"တင်ဦးခက်","ကျောင်းသူ","https://t.me/TheBookR/788?single"
"တင်ဦးခက်","ညဖြူဖြူ သူတော်စဉ်ရူး သူခိုးငရိုး","https://t.me/TheBookR/785?single"
"တင်ဦးခက်","တရားခွင်","https://t.me/TheBookR/3448?single"
"တည်တံ့","လူ့အဖွဲ့အစည်းနှင့် လူမှုအဆောက်အအုံ","https://t.me/TheBookR/1691?single"
"တာတေ","ကဝေပျံ","https://t.me/TheBookR/428?single"
"တာရာမင်းဝေ","ဘယ်ဘက်လက်ထဲမှာ ဝှက်ထားတဲ့ ပုံပြင်","https://t.me/TheBookR/2261?single"
"တာရာမင်းဝေ","ယန္တရားအရေခွံနဲ့လူ","https://t.me/TheBookR/1504?single"
"တာရာမင်းဝေ","မှော်ဆရာရဲ့ ကျောင်းစာအုပ်","https://t.me/TheBookR/1466?single"
"တာရာမင်းဝေ","ကျွန်တော်နှင့် အရုပ်မြို့တော်","https://t.me/TheBookR/333?single"
"တေဇာ(လရောင်လမ်း)","ကြောင်တွေရဲ့မြို့","https://t.me/TheBookR/2978?single"
"တောင်တွင်းကိုကိုကြီး","အမေ","https://t.me/TheBookR/2358?single"
"တော်ကောင်းမင်း","ဖား","https://t.me/TheBookR/3094?single"
"တော်ကောင်းမင်း","ရှန်ဟိုင်းဂျင်","https://t.me/TheBookR/3575"
"ထင်လင်း","မေတ္တာရှင်မလေး ပေါ်လီယာနာ","https://t.me/TheBookR/194?single"
"ထင်လင်း","စည်းအပြင်ကလူ","https://t.me/TheBookR/1145?single"
"ထင်လင်း","အဆိပ်","https://t.me/TheBookR/1658?single"
"ထင်လင်း","ပလိပ်","https://t.me/TheBookR/2110?single"
"ဒဂုန်တာရာ","ဒို့ခေတ်ကိုရောက်ရမည်မှာ မလွဲပါ","https://t.me/TheBookR/996?single"
"ဒဂုန်တာရာ","မေ","https://t.me/TheBookR/1130?single"
"ဒဂုန်တာရာ","မြိုင်","https://t.me/TheBookR/267?single"
"ဒဂုန်တာရာ","ရုပ်ပုံလွှာ","https://t.me/TheBookR/3556"
"ဒဂုန်တာရာ","မူးယစ်ဝေသော နွေဦးညများ","https://t.me/TheBookR/3599"
"ဒေဝတာ","လူခြောက်","https://t.me/TheBookR/1422?single"
"ဒေါက်တာဖြိုးပိုင်","မပြိုင်ပဲ နိုင်အောင် လုပ်ပါ","https://t.me/TheBookR/1631?single"
"ဒေါက်တာဖြိုးသီဟ","မမေ့မလျော့","https://t.me/TheBookR/2025?single"
"နတ်နွယ်","တဖန်ပြန်၍ မနိုးသော ဝေဒနာ","https://t.me/TheBookR/2832?single"
"နတ်နွယ်","မိုးညဖြူဖြူ","https://t.me/TheBookR/2613?single"
"နတ်နွယ်","မိုရေးဗီးယား၏ အတိုင်းအတာများနှင့် အခြားဝတ္ထုတိုများ","https://t.me/TheBookR/2011?single"
"နတ်နွယ်","ရဲတိုက်ကြီး","https://t.me/TheBookR/1990?single"
"နတ်နွယ်","အဖြူရောင် သစ္စာပန်းတစ်ပွင့်","https://t.me/TheBookR/1973?single"
"နတ်နွယ်","ဂျက်လန်ဒန်၏ မက္ကဆီကန်နှင့် အခြားဝတ္ထုများ","https://t.me/TheBookR/1965?single"
"နတ်နွယ်","ကာရာမာဇော့ ညီအစ်ကိုများ","https://t.me/TheBookR/1954?single"
"နတ်နွယ်","ကမ္ဘာပတ်လည် ရက်ရှစ်ဆယ်","https://t.me/TheBookR/1296?single"
"နတ်နွယ်","ရောမက မိန်းမပျက်","https://t.me/TheBookR/466?single"
"နတ်နွယ်","မြန်မာပြည် မြောက်ပိုင်း","https://t.me/TheBookR/130?single"
"နန္ဒ","သံနှင့်သွေး","https://t.me/TheBookR/295?single"
"နိုင်ပန်းလှ","ရာဇာဓိရာဇ် အရေးတော်ပုံကျမ်း","https://t.me/TheBookR/926?single"
"နိုင်းနိုင်းစနေ","ဆာဟာရ ရဲ့ ပုံပြင်","https://t.me/TheBookR/344?single"
"နိုင်းနိုင်းစနေ","နောက်ဆုံး နတ်သူငယ်","https://t.me/TheBookR/658?single"
"နုနုရည်(အင်းဝ)","နမ်းမှာလား မောင်ရဲ့ မွှေးတယ်ရှင် နှင့် အခြား ဝတ္ထုတိုများ","https://t.me/TheBookR/2581?single"
"နုနုရည်(အင်းဝ)","ခေါင်းမော့လိုက်တော့မင်း ခေါင်းငုံ့လိုက်တော့သူ","https://t.me/TheBookR/766?single"
"နုနုရည်(အင်းဝ)","အမှတ်မရှိ လမ်းမရှိ ကီလီ‌‌ဗောတံတား","https://t.me/TheBookR/162?single"
"နေညိုသွေး","ပန်းပွင့်တွေ ကြွေကျသွားတဲ့အခါ","https://t.me/TheBookR/1924?single"
"နေနွယ်ဇင်မြင့်","အဆိပ်သင့်မေမေ","https://t.me/TheBookR/1244?single"
"နေဝင်းမြင့်","အုပ်စုဖွဲ့ ပျံ ကြိုးကြာသံများ","https://t.me/TheBookR/3221?single"
"နေဝင်းမြင့်","ရေကန်သာကြာတိုင်းအေး","https://t.me/TheBookR/2653?single"
"နေသန်","မားဆိုးအားစုံစမ်းစစ်ဆေးခြင်း","https://t.me/TheBookR/2875?single"
"နွေအိမ်မောင်ဝင်း","ပန်းဆိုင်","https://t.me/TheBookR/2043?single"
"ပါပီယွန်","မက္ကဇင်ပါပီရဲ့ ထရော်မာများ","https://t.me/TheBookR/961?single"
"ပါပီယွန်","ဆံနွယ်ခက်ခက် အိပ်မက်ရနံ့ဟောင်းနှင့် ကိုသံချောင်းနှင့် နှစ်ပေါင်း ၂၀","https://t.me/TheBookR/1787?single"
"ပါပီယွန်","အဝါရောင်နှင်းဆီပန်းပွင့်များ","https://t.me/TheBookR/537?single"
"ပါပီယွန်","ဂွတ်ဘိုင် ဘလက်ဒီးမေရီ","https://t.me/TheBookR/644?single"
"ပါပီယွန်","ပယ်ရီ ပယ်ရီချစ်ကန်း","https://t.me/TheBookR/655?single"
"ပါပီယွန်","ဇီးကွက်ချောင်းတံတားပေါ်က အဝါရောင်ဝက်ဝံရုပ်အကျိုးအပဲ့လေး","https://t.me/TheBookR/720?single"
"ပါရဂူ","သိဒ္ဓတ္ထ","https://t.me/TheBookR/383?single"
"ပါရဂူ","ဆု (ဝတ္ထုတို)","https://t.me/TheBookR/181?single"
"ပိုင်စိုးဝေ","လင်းနို့၏ မှတ်စု ဝတ္ထုတိုများ","https://t.me/TheBookR/2718?single"
"ပီမိုးနင်း","နေရီရီ","https://t.me/TheBookR/2674?single"
"ပီမိုးနင်း","နေညိုညို","https://t.me/TheBookR/2626?single"
"ပြည့်သုခ","မင်းသားလေး","https://t.me/TheBookR/2547?single"
"ဖေမြင့်","ဆတ်သေချောင်း ဒဏ္ဍာရီနှင့် အခြား ဝတ္ထုတိုများ","https://t.me/TheBookR/2492?single"
"ဖေမြင့်","ဘေဘီလုံမှာ အချမ်းသာဆုံး ပုဂ္ဂိုလ်","https://t.me/TheBookR/165?single"
"ဖြိုးကျော်","လက်ဗွေနီနီ","https://t.me/TheBookR/61?single"
"ဖြိုးကျော်","ဖြေသိမ့်ရာ ကုန်စုံဆိုင်","https://t.me/TheBookR/684?single"
"ဖြိုးကျော်","ကယ်မတော်မူသော","https://t.me/TheBookR/1739?single"
"ဖြိုးကျော်","ကိုယ်ကို စတေး၍","https://t.me/TheBookR/1747?single"
"ဖြိုးကျော်","ရွှယ်ဟွားနှင့် လျှို့ဝှက်ယပ်တောင်","https://t.me/TheBookR/1762?single"
"ဗန်းမော်တင်အောင်","မမကြီး","https://t.me/TheBookR/1054?single"
"ဗန်းမော်တင်အောင်","မြိုင်","https://t.me/TheBookR/923?single"
"ဗန်းမော်တင်အောင်","ဘုန်းမောင့် တစ်ယောက်ထဲရယ်","https://t.me/TheBookR/904?single"
"မင်းခိုက်စိုးစန်","ကမ္ဘာဦးရည်းစား","https://t.me/TheBookR/2885?single"
"မင်းခိုက်စိုးစန်","ခေတ်သစ်တစ်ခု၏အစ အဓိပ္ပါယ်များ၏အဆုံး","https://t.me/TheBookR/2565?single"
"မင်းခိုက်စိုးစန်","ကြက်တူရွေးပါးစပ်","https://t.me/TheBookR/1368?single"
"မင်းခိုက်စိုးစန်","ကလေးအတွေးအက်ဆေး","https://t.me/TheBookR/880?single"
"မင်းခိုက်စိုးစန်","ဧည့်သည်","https://t.me/TheBookR/296?single"
"မင်းခိုက်စိုးစန်","ကြည်လင်အေးသို့ ပေးစာများ","https://t.me/TheBookR/271?single"
"မင်းခိုက်စိုးစန်","သုည","https://t.me/TheBookR/171?single"
"မင်းခိုက်စိုးစန်","ဝတ္ထုတိုပေါင်းချုပ်","https://t.me/TheBookR/99?single"
"မင်းခိုက်စိုးစန်","မနက်ဖြန်အစီအစဉ်","https://t.me/TheBookR/96?single"
"မင်းခိုက်စိုးစန်","သူမသည် မျောက်တစ်ကောင် ဖြစ်သွားတယ်ဆိုပါစို့","https://t.me/TheBookR/79?single"
"မင်းခိုက်စိုးစန်","လွမ်းလို့သေသွားတဲ့သစ်ပင်","https://t.me/TheBookR/64?single"
"မင်းဆွေ","ဓား","https://t.me/TheBookR/738?single"
"မင်းဒင်","မင်းဒင်ရဲ့ သက်ခိုင်","https://t.me/TheBookR/1080?single"
"မင်းမြတ်စံ","တိုကျိုကို စူပါဖား ကယ်ခဲ့သည်","https://t.me/TheBookR/3215?single"
"မင်းယုဝေ","အိုမာခယမ်","https://t.me/TheBookR/589?single"
"မင်းလူ","ရယ်မောခြင်းလက်ကျန်","https://t.me/TheBookR/2631?single"
"မင်းလူ","ခုနှစ်စဉ် အလွမ်း","https://t.me/TheBookR/1765?single"
"မင်းလူ","အချစ်သည် သက်တော်ရာကျော် ရှည်ပါစေသတည်း","https://t.me/TheBookR/1755?single"
"မင်းလူ","အော်ဆွေး","https://t.me/TheBookR/284?single"
"မင်းလူ","ယမကာလုလင်","https://t.me/TheBookR/283?single"
"မင်းလူ","ချစ်မြှားရှင်အစ ချစ်မြှားရှင်အဆုံး","https://t.me/TheBookR/282?single"
"မင်းလူ","ဂန္ဓဝင် အိမ်မက်","https://t.me/TheBookR/281?single"
"မင်းလူ","မိညီမ","https://t.me/TheBookR/280?single"
"မင်းလူ","ငိုအားနှင့် ရယ်အား","https://t.me/TheBookR/279?single"
"မင်းလူ","ဝတ္ထုတိုပေါင်းချုပ်","https://t.me/TheBookR/278?single"
"မင်းလူ","ခိုးခိုးခစ်ခစ်","https://t.me/TheBookR/276?single"
"မင်းလူ","နှလုံးသား ၃၈၀","https://t.me/TheBookR/277?single"
"မင်းလူ","ရယ်မောခြင်းပေါင်းချုပ်","https://t.me/TheBookR/3659"
"မင်းသိင်္ခ","ဆားပုလင်းနှင်းမောင်နှင့် ခေါင်းမြီးခြုံလုံပါပေ့","https://t.me/TheBookR/1775?single"
"မင်းသိင်္ခ","သေသောသူသည် သုဿန်သို့သွားသည်","https://t.me/TheBookR/1703?single"
"မင်းသိင်္ခ","ပုဏ္ဏားဘကွန်း","https://t.me/TheBookR/1595?single"
"မင်းသိင်္ခ","ပရော်ဖက်ဆာ ဒေါက်တာဆိတ်ဖွား","https://t.me/TheBookR/1537?single"
"မင်းသိင်္ခ","ဆားပုလင်းနှင်းမောင်နှင့် မြိုင်မဟာ မမြလေး","https://t.me/TheBookR/499?single"
"မင်းသိင်္ခ","မြိုင်ဟေဝန်","https://t.me/TheBookR/117?single"
"မင်းသိင်္ခ","မြင်းကပါ အကျဉ်းသား","https://t.me/TheBookR/116?single"
"မင်းသိင်္ခ","မတတ်ပ","https://t.me/TheBookR/115?single"
"မင်းသိင်္ခ","ပြည်တော်ဝင် စနေမောင်မောင်","https://t.me/TheBookR/114?single"
"မင်းသိင်္ခ","ဆားပုလင်းနှင်းမောင်နှင့် မိုးပေါ်မှာ ကြယ်တလုံး","https://t.me/TheBookR/113?single"
"မင်းသိင်္ခ","ဆားပုလင်းနှင်းမောင်နှင့် မမင်းဖြူမှန်မှန်ပြော","https://t.me/TheBookR/111?single"
"မင်းသိင်္ခ","ဆားပုလင်းနှင်းမောင်နှင့် ပျားစွဲသော မုတ်ဆိတ်","https://t.me/TheBookR/110?single"
"မင်းသိင်္ခ","စနေမောင်မောင် ပါဝင်သည့် မဟူရာ","https://t.me/TheBookR/109?single"
"မင်းသိင်္ခ","စနေမောင်မောင် နှင့် မြေလျှိုးမိုးပျံဂိုဏ်း","https://t.me/TheBookR/108?single"
"မင်းသိင်္ခ","မိုးနဲ့မြေ","https://t.me/TheBookR/107?single"
"မင်းသိင်္ခ","မိုးနှင့်အတူ","https://t.me/TheBookR/106?single"
"မစန္ဒာ","ကွက်လပ်လေး ဖြည့်ပေးပါ","https://t.me/TheBookR/1438?single"
"မစန္ဒာ","မစပ်သော ငရုတ်","https://t.me/TheBookR/1010?single"
"မယ်ညို","မောင့်နွေဦး","https://t.me/TheBookR/2172?single"
"မယ်ညို","ငါကျူးလွန်မိတဲ့ ကံတစ်ပါးဟာ မင်းပဲ","https://t.me/TheBookR/1212?single"
"မယ်လွင့်","နွံ","https://t.me/TheBookR/2114?single"
"မယ်လွင့်","Midnight Blue","https://t.me/TheBookR/2102?single"
"မယ်လွင့်","Psychopath","https://t.me/TheBookR/1581?single"
"မယ်လွင့်","Rosella","https://t.me/TheBookR/1349?single"
"မယ်လွင့်","အခန်း ၆၀၆","https://saroatsin.com/book/6ace02f0-1717-44f3-b3e2-9effedcecd02"
"မိုးကျော်ဇင်","ငါးဖမ်းသမား","https://t.me/TheBookR/2703?single"
"မိုးမိုး(အင်းလျား)","ငြိမ်းကို ရှက်ပါ","https://t.me/TheBookR/403?single"
"မိုးမိုး(အင်းလျား)","မှတစ်ပါး အခြားမရှိပြီ","https://t.me/TheBookR/1544?single"
"မိုးမိုး(အင်းလျား)","ကြွေမလိုနဲ့ဝေ ဝေမလိုနဲ့ကြွေ","https://t.me/TheBookR/1555?single"
"မိုးမိုး(အင်းလျား)","ရွှေတိဂုံကို မြင်လျှင်","https://t.me/TheBookR/1694?single"
"မိုးမိုး(အင်းလျား)","သမုဒ္ဒရာ ခုနှစ်စင်း မြစ်မင်းတစ်ဆယ့် သုံးသွယ်","https://t.me/TheBookR/1735?single"
"မိုးမိုး(အင်းလျား)","မသုဓမ္မစာရီ","https://t.me/TheBookR/1752?single"
"မိုးမိုး(အင်းလျား)","အချစ်ဆိုသောအရာ","https://t.me/TheBookR/1818?single"
"မိုးမိုး(အင်းလျား)","ရွက်လှပန်း","https://t.me/TheBookR/2468?single"
"မိုးရှင်း","သူစိတ်ဓာတ်ကျတိုင်း ဖတ်ဖို့","https://t.me/TheBookR/345?single"
"မိုးရှင်း","အမှောင်ထုထဲက မြစ်တစ်စင်း","https://t.me/TheBookR/1914"
"မိုးသက်ဟန်","ရူးမူရာကာမိ တိုကျိုကျဆုံးခန်း လက်ရွေးစင် ဝတ္ထုတိုများ","https://t.me/TheBookR/3035?single"
"မိုးသက်ဟန်","နော်ဝေဂျီယံဝုဒ်","https://t.me/TheBookR/3431?single"
"မိုးသက်ဟန်","ကမ်းခြေပေါ်မှာ ကက်ဖကာ","https://t.me/TheBookR/3489?single"
"မောင်ကိုယု","မနေ့က လရောင်အောက်မှာ","https://t.me/TheBookR/983?single"
"မောင်ကြည်သစ်","ငြင်းပယ်ခြင်း၏ အလှ","https://t.me/TheBookR/2756?single"
"မောင်ဆုရှင်","ပင်လယ်ပြာနှင့် တံငါအို","https://t.me/TheBookR/817?single"
"မောင်ထွန်းသူ","ရှန်ဂရီလာ","https://t.me/TheBookR/2572?single"
"မောင်ထွန်းသူ","မျှော်တလင့်လင့်","https://t.me/TheBookR/2473?single"
"မောင်ထွန်းသူ","လစ္စဘွန်းမှာ တစ်ည","https://t.me/TheBookR/1999?single"
"မောင်ထွန်းသူ","တို့ဘဝ တို့ကမ္ဘာ","https://t.me/TheBookR/1669?single"
"မောင်ထွန်းသူ","ရဲတိုက်","https://t.me/TheBookR/1197?single"
"မောင်ထွန်းသူ","ဝံပုလွေများနှင့် ကခုန်သူ","https://t.me/TheBookR/322?single"
"မောင်ထွန်းသူ","ပီကင်း","https://t.me/TheBookR/320?single"
"မောင်ထွန်းသူ","နှစ်လောက","https://t.me/TheBookR/319?single"
"မောင်ထွန်းသူ","ဒေါသမာန်","https://t.me/TheBookR/318?single"
"မောင်ထွန်းသူ","တို့ယာမြေ","https://t.me/TheBookR/317?single"
"မောင်ထွန်းသူ","တို့ပိုင်တဲ့မြေ","https://t.me/TheBookR/316?single"
"မောင်ထွန်းသူ","ဇစ်မြစ်","https://t.me/TheBookR/315?single"
"မောင်ထွန်းသူ","ဆင်ကုန်သည်","https://t.me/TheBookR/314?single"
"မောင်ထွန်းသူ","ကာမင်း","https://t.me/TheBookR/313?single"
"မောင်ထွန်းသူ","ကင်မလီ","https://t.me/TheBookR/312?single"
"မောင်ထွန်းသူ","ကြယ်စင်များက ကြည့်နေသည်","https://t.me/TheBookR/3640"
"မောင်ဒေါင်း","တစ်တောလုံးကြွေ ဝတ္ထုတိုများ","https://t.me/TheBookR/2353?single"
"မောင်ပေါ်ထွန်း","ကံကြမ္မာ အကျဉ်းသား","https://t.me/TheBookR/2161?single"
"မောင်ပေါ်ထွန်း","ဟဲမင်းဝေး ကီလီမန်ဂျရိုမှာ ဝေသောနှင်းနှင့် အခြားဝတ္ထုတိုများ","https://t.me/TheBookR/3411?single"
"မောင်ပေါ်ထွန်း","အကြီးအကဲ","https://t.me/TheBookR/457?single"
"မောင်ပေါ်ထွန်း","ရေမြေခြားသော်လည်း","https://t.me/TheBookR/420?single"
"မောင်ပေါ်ထွန်း","ကုန်းမြင့်စံအိမ်","https://t.me/TheBookR/340?single"
"မောင်မိုးသူ","အချစ်ပုံပြင်","https://t.me/TheBookR/2617?single"
"မောင်မိုးသူ","အိပ်ဇိုးဒပ်","https://t.me/TheBookR/463?single"
"မောင်ရဲခိုင်","ဆည်းဆာ","https://t.me/TheBookR/3208?single"
"မောင်သစ်မင်း","တေးမြုံငှက်","https://t.me/TheBookR/2806?single"
"မောင်သာနိုး","ဆိုဖီရဲ့ ကမ္ဘာ","https://t.me/TheBookR/2922?single"
"မောင်သာမည","ခေါင်းဆောင်နှင့် အတွေး","https://t.me/TheBookR/2843?single"
"မောင်သာမည","ယန်းပေါဆတ်၏ ဖြစ်တည်မှု ဝါဒ","https://t.me/TheBookR/2892?single"
"မောင်သာရ","ငရုတ်မှန်လျှင် စပ်ရလိမ့်မည်","https://t.me/TheBookR/1006?single"
"မောင်သာရ","ထမီကျွတ်၍ လွှတ်လိုက်မည်","https://t.me/TheBookR/949?single"
"မောင်သိန်းဆိုင်","ကာလီမ၏မာနနှင့် လက်ရွေးစင် ဝတ္ထုတိုများ","https://t.me/TheBookR/1707?single"
"မောင်သိန်းဆိုင်","ပုဂံမြို့သူ","https://t.me/TheBookR/1231?single"
"မောင်သော်က","တိုက်ရေယာဉ် ၁၀၃","https://t.me/TheBookR/1947?single"
"မြကျေး","အလွမ်းစာ","https://t.me/TheBookR/2098?single"
"မြင့်နောင်","ဒေါက်တာ ဆီးဂရေ့ဗ်၏ တောင်ပေါ်ဆေးရုံ","https://t.me/TheBookR/2154?single"
"မြင့်သန်း","သူရေး၍ သူကြိုက်သော ဝတ္ထုတိုများ","https://t.me/TheBookR/2209?single"
"မြင့်သန်း","ရောရောယောင်ယောင် မောင်ဘမောင် ဝတ္ထုတိုများ","https://t.me/TheBookR/2239?single"
"မြင့်သန်း","နယ်ဘက် ကျေးဘက်မှ ဝတ္ထုများ","https://t.me/TheBookR/2973?single"
"မြင့်သန်း","မြို့ကြီးပြကြီးက ဝတ္ထုများ","https://t.me/TheBookR/3027?single"
"မြင့်သန်း","ဒဗ္ဗလင်မြို့ကလူများ","https://t.me/TheBookR/3289?single"
"မြင့်သန်း","အခြားသူတို့၏ဝတ္ထုတိုများ","https://t.me/TheBookR/3368?single"
"မြင့်သန်း","အလ်ဘတ်ကမူး၏ အရေးအသားများ","https://t.me/TheBookR/3478?single"
"မြတ်သစ်","တောနက်တို့၏ အရှင်သခင်","https://t.me/TheBookR/2827?single"
"မြသန်းတင့်","လက်ဖက်ရည်ဆိုင်","https://t.me/TheBookR/2791?single"
"မြသန်းတင့်","မော်တော်ကား တစ်စီး၏ အတ္ထုပ္ပတ္တိ","https://t.me/TheBookR/2743?single"
"မြသန်းတင့်","မာ့က်ဝါဒနှင့် တွေးခေါ်မြော်မြင်ရေး","https://t.me/TheBookR/2659?single"
"မြသန်းတင့်","မင်းပုန်းတောင် သိုင်းသမား","https://t.me/TheBookR/2419?single"
"မြသန်းတင့်","မိုးအဆုံး မြေအဆုံး","https://t.me/TheBookR/2347?single"
"မြသန်းတင့်","အလကားလူ","https://t.me/TheBookR/2050?single"
"မြသန်းတင့်","မရဏအိမ်မက်တစ်ခု၏ မှတ်တမ်း","https://t.me/TheBookR/2007?single"
"မြသန်းတင့်","ထားကျမလင်","https://t.me/TheBookR/1485?single"
"မြသန်းတင့်","မမ","https://t.me/TheBookR/934?single"
"မြသန်းတင့်","ပြိုကွဲသွားသော အသိုက်မြုံလေး","https://t.me/TheBookR/417?single"
"မြသန်းတင့်","မိမေ","https://t.me/TheBookR/411?single"
"မြသန်းတင့်","နွံထဲကကြာ","https://t.me/TheBookR/360?single"
"မြသန်းတင့်","လေရူးသုန်သုန် စ ဆုံး","https://t.me/TheBookR/220?single"
"မြသန်းတင့်","နှစ်တစ်ရာ ကမ္ဘာ့စုံထောက်ဝတ္ထုများ","https://t.me/TheBookR/219?single"
"မြသန်းတင့်","အနုပဋိလောမ ရုပ်ဝါဒ","https://t.me/TheBookR/218?single"
"မြသန်းတင့်","ပီကာဆို၏ပဉ္စလက်မီးအိမ်","https://t.me/TheBookR/217?single"
"မြသန်းတင့်","ပါရီကျဆုံးခန်း စ ဆုံး","https://t.me/TheBookR/216?single"
"မြသန်းတင့်","ဧကရီဖွားစော","https://t.me/TheBookR/215?single"
"မြသန်းတင့်","လေလွင့်လူ","https://t.me/TheBookR/214?single"
"မြသန်းတင့်","လမင်းကို ထရံပေါက်မှ ချောင်းကြည့်ခြင်း","https://t.me/TheBookR/213?single"
"မြသန်းတင့်","လူလေးသို့ပေးစာများ","https://t.me/TheBookR/212?single"
"မြသန်းတင့်","ရေပွက်ပမာ","https://t.me/TheBookR/211?single"
"မြသန်းတင့်","ကြာညိုနံ့သင်းသော ရေဝတီ","https://t.me/TheBookR/210?single"
"မြသန်းတင့်","ဆီစွန်းသွားသော ကြိုးကြီးချိတ်တစ်ထည်","https://t.me/TheBookR/209?single"
"မြသန်းတင့်","မိန်းမတို့အကြောင်း","https://t.me/TheBookR/227?single"
"မြသန်းတင့်","ဘဝနေနည်း အနုပညာ","https://t.me/TheBookR/225?single"
"မြသန်းတင့်","ကံကောင်း","https://t.me/TheBookR/224?single"
"မြသန်းတင့်","ချစ်သောယွန်းခင်ခင်","https://t.me/TheBookR/223?single"
"မြသန်းတင့်","မှော်ရုံတောမှာ မောလှပြီ","https://t.me/TheBookR/222?single"
"မြသန်းတင့်","ဓားတောင်ကျော်၍ မီးပင်လယ်ကိုဖြတ်မည်","https://t.me/TheBookR/221?single"
"မြသန်းတင့်","တဂိုးဝတ္ထုတိုများ","https://t.me/TheBookR/3375?single"
"မြသန်းတင့်","စစ်နှင့်ငြိမ်းချမ်းရေး ပထမတွဲ","https://t.me/TheBookR/238?single"
"မြသန်းတင့်","စစ်နှင့်ငြိမ်းချမ်းရေး ဒုတိယတွဲ","https://t.me/TheBookR/239?single"
"မြသန်းတင့်","ခန်းဆောင်နီအိမ်မက်","https://t.me/TheBookR/3341?single"
"မြသန်းတင့်","ဂျိမ်း ဂျွိုက်(စ်)၏ ဝတ္ထုတိုများ","https://t.me/TheBookR/3153?single"
"မြသန်းတင့်","မှောင်မိုက်မှာငို","https://t.me/TheBookR/3529"
"မြသန်းတင့်","မာယာဘုံ","https://t.me/wownewbook/21"
"မြသန်းတင့်","လွမ်းမောခဲ့ရသော တက္ကသိုလ်နွေညများ","https://t.me/wownewbook/23"
"မြသိန်း","တော့တိုးချန်","https://t.me/TheBookR/594?single"
"မြေမှုန်လွင်","ဘဝရှင် မင်းတြားကြီးနှင့် သူ၏ နျူကလီးယား","https://t.me/TheBookR/308?single"
"မွန်ဟော်စီ","Money Mindset Miracle","https://t.me/TheBookR/1000?single"
"ယုဝတီကြည်ဝေ","တစ်ပွင့်ရွှေကြာ","https://t.me/TheBookR/1217?single"
"ယုဝတီကြည်ဝေ","ကျော့ကျော့စံ","https://t.me/TheBookR/1133?single"
"ယုဝတီကြည်ဝေ","အရှေ့ဘက် ကမ်းပါး","https://t.me/TheBookR/1132?single"
"ယုဝတီကြည်ဝေ","ကြေရာကြေကြောင်း တောင်းပန်ချင်","https://t.me/TheBookR/979?single"
"ယူရီပိုင်","ငါ့ ပိုက်ဆံတွေ ဘယ်သူ ယူသွားလဲ","https://t.me/TheBookR/1238?single"
"ရန်ကုန်ဘဆွေ","ကျီးမနိုးပွဲ","https://t.me/TheBookR/272?single"
"ရာပြည့်","ကန္တာရ ခရီးသည်","https://t.me/TheBookR/1779?single"
"ရေအေး","ခင်ဦးဇင်","https://t.me/TheBookR/1889?single"
"ရဲမြလွင်","မီးဖိုချောင်ကလေး","https://t.me/TheBookR/2605?single"
"ရဲမြလွင်","မြန်မာ့စောင်း","https://t.me/TheBookR/2055?single"
"ရွှေဥဒေါင်း","စွန့်ဝံ့သူ","https://t.me/TheBookR/250?single"
"ရွှေဥဒေါင်း","သွေးစုပ်မြေ","https://t.me/TheBookR/251?single"
"ရွှေဥဒေါင်း","ရတနာပုံ","https://t.me/TheBookR/252?single"
"ရွှေဥဒေါင်း","တစ်သက်တာမှတ်တမ်းနှင့် အတွေးအခေါ်များ","https://t.me/TheBookR/253?single"
"ရွှေဥဒေါင်း","အကြံဉာဏ်ဖြင့် ကြီးပွားရေး","https://t.me/TheBookR/254?single"
"ရွှေဥဒေါင်း","မျှော်တလင့်လင့် ၂","https://t.me/TheBookR/255?single"
"ရွှေဥဒေါင်း","အတွေးအမြင်နှင့် ရှုဒေါင့်","https://t.me/TheBookR/256?single"
"ရွှေဥဒေါင်း","ဝသုံးလုံး","https://t.me/TheBookR/257?single"
"ရွှေဥဒေါင်း","ပထမံဆရာသိန်း","https://t.me/TheBookR/258?single"
"ရွှေဥဒေါင်း","ရူပနန္နီ ရူပကလျှာဏီ","https://t.me/TheBookR/259?single"
"ရွှေဥဒေါင်း","စောလမုန်သိုက်","https://t.me/TheBookR/260?single"
"လင်းခန့်","မြူ","https://t.me/TheBookR/2301?single"
"လင်းခန့်","ဇော","https://t.me/TheBookR/2065?single"
"လင်းခန့်","ရေမွှေး","https://t.me/TheBookR/1799?single"
"လင်းခန့်","ဖောရက်စ်ဂမ့်","https://t.me/TheBookR/3199?single"
"လင်းခါး","ရေသေအိုင်","https://t.me/TheBookR/1519?single"
"လင်းခါး","စမ်းရေကြည်နု","https://t.me/TheBookR/1562?single"
"လင်းခါး","ငြင်းဆိုသူရဲ့ မီးခိုးများ","https://t.me/TheBookR/1615?single"
"လင်းယုန်သစ်လွင်","ထိုင်း မြန်မာ မီးရထားလမ်း ကိုယ်တွေ့ချွေးမှတ်တမ်း","https://t.me/TheBookR/342?single"
"လင်းယုန်သစ်လွင်","ဓမ္မဝိလာသ","https://t.me/TheBookR/343?single"
"လင်းရောင်စင်","ချစ်တယ်","https://t.me/TheBookR/2131?single"
"လင်းဝိုင်","အင်္ဂါဂြိုလ်သား","https://t.me/TheBookR/3329?single"
"လင်းဝိုင်","၂၀၀၁ အာကာသ ခရီးရှည်","https://t.me/TheBookR/2270?single"
"လင်းဝိုင်","ပိုးဖလံတို့၏ ကံကြမ္မာ","https://t.me/TheBookR/2328?single"
"လင်းဝေမြိုင်","တော","https://t.me/TheBookR/567?single"
"လမင်းမိုမို","ရှင်ကျွန်မကို ချစ်ခဲ့ပါသလား","https://t.me/TheBookR/1472?single"
"လယ်တွင်းသားစောချစ်","ဒုတိယ အရွယ်","https://t.me/TheBookR/1684?single"
"လယ်တွင်းသားစောချစ်","မောင်နွေဦးနှင့် မဖူးဝေ","https://t.me/TheBookR/1446?single"
"လယ်တွင်းသားစောချစ်","ရွှေမြင်းမ်ိုရ်ပြိုမှာ စိုးတယ်","https://t.me/TheBookR/1391?single"
"လယ်တွင်းသားစောချစ်","မျက်လုံးမှာ အလွမ်း နှုတ်ခမ်းမှာ မာန","https://t.me/TheBookR/600?single"
"လယ်တွင်းသားစောချစ်","လွမ်းစေတီနှင့် စမ်းရေကြည်","https://t.me/TheBookR/439?single"
"လယ်တွင်းသားစောချစ်","ကျွန်တော် အမုန်းဆုံး ကျွန်တော်","https://t.me/TheBookR/387?single"
"လယ်တွင်းသားစောချစ်","ပန်းမြိုင်လယ်မှ ဥယျာဉ်မှူး","https://t.me/TheBookR/118?single"
"လယ်တွင်းသားစောချစ်","ပန်းဖြစ်သွားသောပါး","https://t.me/TheBookR/57?single"
"လူချို","ချစ်ပန်းသစ္စာ","https://t.me/TheBookR/2999?single"
"လွင်မောင်မောင်","သတိရခြင်းများ တစိမ့်စိမ့်","https://t.me/TheBookR/2783?single"
"ဝင့်ပြုံးမြင့်","၁၉၈၄","https://t.me/TheBookR/1843?single"
"ဝင်းကိုကိုအောင်","၂၁ ရာစု လူငယ်တစ်ယောက်","https://t.me/TheBookR/550?single"
"ဝင်းငြိမ်း","ကျွန်မကိုယ်ထဲက မိန်းမ","https://t.me/TheBookR/1066?single"
"ဝင်းတင့်ထွန်း","အမှောင်ကြားက မြန်မာပြည်","https://t.me/TheBookR/1459?single"
"ဝင်းဖေ","လွယ်အိတ် ၁+၂+၃","https://t.me/TheBookR/1720?single"
"ဝင်းဖေ","မှုန်ရီဆိုင်း တိုင်းမြန်မာ","https://t.me/TheBookR/351?single"
"ဝင်းဝင်းလတ်","အချစ်၏ နောက်ဆက်တွဲ စာမျက်နှာ","https://t.me/TheBookR/663?single"
"ဝင်းသိန်းဦး","စီးပွားရေး စီမံခန့်ခွဲမှု နှင့် ဆွန်ဇူး၏ စစ်ပညာ","https://t.me/TheBookR/2136?single"
"ဝင်းသိန်းဦး","7Day MBA","https://t.me/TheBookR/2068?single"
"ဝင်းဦး","ဝင်းဦး ဝတ္ထုတိုများ","https://t.me/TheBookR/1831?single"
"ဝေမှူးသွင်","အစိမ်းရောင် ကစားနည်း","https://t.me/TheBookR/401?single"
"ဝေယံဘုန်း","ကျက်နိုင်ခဲသော အနာ","https://t.me/TheBookR/2650?single"
"သက်ပိုင်","အပြစ်မဲ့အပြစ်သား","https://t.me/TheBookR/2367?single"
"သက်ပိုင်","လူအမျိုးမျိုး စိတ်အထွေထွေ ဝတ္ထုတိုများ","https://t.me/TheBookR/2384?single"
"သက်ပိုင်","တိတ်ဆိတ်ခြင်းရဲ့နောက်ကွယ်","https://t.me/TheBookR/2460?single"
"သက်ပိုင်","ငယ်ချစ်ဦး","https://t.me/TheBookR/2762?single"
"သက်ပိုင်","ကံကောင်းခြင်း မိတ်ဆွေ","https://t.me/TheBookR/3122?single"
"သက်ပိုင်","စတီဖင်ကင်းမိတ်ဆက်","https://t.me/TheBookR/2481?single"
"သက်ပိုင်","လေဒီဂါဂါ","https://t.me/TheBookR/2534?single"
"သက်ပိုင်","အမေ့အိမ်က ငရဲခန်း","https://t.me/TheBookR/3545"
"သက်လုံ","တရုတ်ပညာရှိကြီး မိန်းရှပ်","https://t.me/TheBookR/1713?single"
"သခင်ဘသောင်း","ဘဂ္ဂဒက်မြို့မှ သူခိုး အာမက်","https://t.me/TheBookR/2556?single"
"သခင်ဘသောင်း","ပန်းသာ မစာအု","https://t.me/TheBookR/1171?single"
"သခင်ဘသောင်း","ခြေလေးချောင်းတော်လှန်ရေး","https://t.me/wownewbook/17"
"သင့်လူ","ပိုင့်ဘဝလမ်း","https://t.me/TheBookR/2839?single"
"သင့်လူ","ရာမ","https://t.me/TheBookR/2696?single"
"သင့်လူ","မိုက်ကယ်ကေ","https://t.me/TheBookR/2267?single"
"သင့်လူ","သမိုင်းထဲက မြန်မာပြည်သား","https://t.me/TheBookR/2253?single"
"သင့်လူ","စူး","https://t.me/TheBookR/1717?single"
"သင့်လူ","သက်တော်ရာကျော် ရှည်စေသောဝ်","https://t.me/TheBookR/301?single"
"သင့်လူ","အိုဘယ့် အစိမ်းမြေ","https://t.me/TheBookR/300?single"
"သင့်လူ","အတ္တလန်တစ်ရှာပုံတော်","https://t.me/TheBookR/299?single"
"သင့်လူ","မီဆိုဟင်းချို","https://t.me/TheBookR/3229?single"
"သင့်လူ","သက်တော်ရာကျော် ထပ်ကာ ရှည်စေသော်ဝ်","https://t.me/TheBookR/3420?single"
"သင့်လူ","လူရွေးပွဲ","https://t.me/TheBookR/3474?single"
"သင့်လူ","ကယ်တင်ရှင်","https://t.me/TheBookR/3689"
"သင်္ခရာဇာ","ကုန်းဘောင်စစ်သည်တော်","https://t.me/TheBookR/553?single"
"သင်္ခရာဇာ","နန်းစဉ်ရွှေဓား ယိမ်းနွဲ့ပါး","https://t.me/TheBookR/548?single"
"သစ္စာနီ","ပုံပြင်ထဲမှာ လမ်းလျှောက်ခြင်း","https://t.me/TheBookR/3049?single"
"သစ္စာနီ","စက်နှင့် မျက်ရည်","https://t.me/TheBookR/3053?single"
"သန်းတင့်","ခင်ဖုန်းသက်ဝေ ဂယ်လာရီ","https://t.me/TheBookR/753?single"
"သန်းတင့်","ဆိပ်ကမ်းရေဒီယို","https://t.me/TheBookR/2990?single"
"သန်းတင့်","ဟင်္သာငှက်တို့ အမြင့်ပျံကြရာ အရပ်ဝယ်","https://t.me/TheBookR/3235?single"
"သန်းတင့်","အငိုအရယ် နည်းသော ရက်များ","https://t.me/TheBookR/3275?single"
"သန်းတင့်","အနော်မာ ရှင်းတမ်း","https://t.me/TheBookR/3218?single"
"သာထက်အောင်","A Spark of Curiosity","https://t.me/TheBookR/41?single"
"သာဓု","အတာ","https://t.me/TheBookR/1152?single"
"သိုးဆောင်း","ဤအရပ်တွင် မိုးရွာခဲ့သည်","https://t.me/TheBookR/1532?single"
"သိုးဆောင်း","Revenge Story","https://t.me/TheBookR/1269?single"
"သိုးဆောင်း","သိသောသူမည်ကား ကြားပါစေ","https://t.me/TheBookR/305?single"
"သိုးဆောင်း","အကြင်သူသည်","https://t.me/TheBookR/304?single"
"သိုးဆောင်း","ကတိသစ္စာ တည်သောအခါဝယ်","https://t.me/TheBookR/303?single"
"သိုးဆောင်း","လက်ညှိုးထိုး၍ ပန်းဝေသည်","https://t.me/TheBookR/302?single"
"သီမင်းခိုင်","ဒွန်ကီဟိုတေး","https://t.me/TheBookR/3146?single"
"သုခ","ချစ်မိပြီ ဆိုမှဖြင့်","https://t.me/TheBookR/1105?single"
"သုမောင်","ဪ ဒါနဲ့ စကားမစပ်","https://t.me/TheBookR/394?single"
"သူရိန်ဝင်း","စာဖတ်သူ","https://t.me/TheBookR/3500?single"
"သော်တာဆွေ","သတ္တဝါတို့၏ သံသရာ","https://t.me/TheBookR/3169?single"
"သော်တာဆွေ","သည်မောင်လက်သန် ဒေါင်ဒေါင်လန်","https://t.me/TheBookR/243?single"
"သော်တာဆွေ","ရသစုံဝတ္ထုတိုများ","https://t.me/TheBookR/190?single"
"သော်တာဆွေ","ဘရန်ဒီတစ်ပုလင်းနှင့် အောင်မြင်ကျော်ကြားသောဝတ္ထုတိုများ","https://t.me/TheBookR/191?single"
"သော်တာဆွေ","ဘဝထိုထို","https://t.me/TheBookR/1043?single"
"သော်တာဆွေ","ဤလောကမြေမဟီဝယ်","https://t.me/TheBookR/182?single"
"သော်တာဆွေ","ဘွန္တောကြက်သူခိုး","https://t.me/TheBookR/183?single"
"သော်တာဆွေ","ရွှေပြည်တော်သည်","https://t.me/TheBookR/184?single"
"သော်တာဆွေ","ပုဂံသူရဲကောင်းများ","https://t.me/TheBookR/185?single"
"သော်တာဆွေ","ကျွန်တော့်ဘဝ ဇာတ်ကြောင်း","https://t.me/TheBookR/186?single"
"သော်တာအေးလဲ့","ကျန်ရစ် မြစ်","https://t.me/TheBookR/1491?single"
"သော်တာအေးလဲ့","နယ်ခြားမဲ့ မိုးတိမ်","https://t.me/TheBookR/366?single"
"ဟမ်စိုင်း(ဆေး/မန်း)","တိမ်ပန်းချီ","https://t.me/TheBookR/1479?single"
"အက်ရှာ","ထက်မြက်တဲ့ မိန်းမ","https://t.me/TheBookR/2200?single"
"အကြည်တော်","ရီတန်းအော့ဖ် ဘီလူး","https://t.me/TheBookR/1015?single"
"အကြည်တော်","အိမ်မက်အပိုဒ်ခွဲ (၉)","https://t.me/TheBookR/637?single"
"အကြည်တော်","ပြုံးတော်မူ","https://t.me/TheBookR/630?single"
"အကြည်တော်","ငုံး","https://t.me/TheBookR/579?single"
"အကြည်တော်","ကျွန်တော့်ချစ်သူပြောသော သူ့ချစ်သူအကြောင်း","https://t.me/TheBookR/263?single"
"အကြည်တော်","ညာတာပါတေး","https://t.me/TheBookR/262?single"
"အကြည်တော်","နတ်ပြည်၏ နံနက်ခင်း","https://t.me/TheBookR/261?single"
"အကြည်တော်","ဘီလူး","https://t.me/TheBookR/205?single"
"အကြည်တော်","ကျောက်သင်ပုန်းတွေ မိုးထားတဲ့အိမ်","https://t.me/TheBookR/204?single"
"အကြည်တော်","ကဝေပျို၏ နိဒါန်း","https://t.me/TheBookR/203?single"
"အကြည်တော်","ကလေးလက်ရေး","https://t.me/TheBookR/164?single"
"အကြည်တော်","နတ်နေကိုင်း","https://t.me/TheBookR/163?single"
"အကြည်တော်","ငပိန်","https://t.me/TheBookR/65?single"
"အထောက်တော်လှအောင်","ရဘက်ကာ","https://t.me/TheBookR/338?single"
"အထောက်တော်လှအောင်","ကြမ္မာ","https://t.me/TheBookR/414?single"
"အရိုး","ဆိုသည်မှာ စာစုများ ၁","https://t.me/TheBookR/3081?single"
"အရိုး","ဆိုသည်မှာ စာစုများ ၂","https://t.me/TheBookR/3082?single"
"အရှင်ဆန္ဒာဓိက","ပြတ်သားမှ ပြန်သွားမယ်","https://t.me/TheBookR/841?single"
"အရှင်ဆန္ဒာဓိက","တို့လည်း လိုက်မယ် ချန်မထားနဲ့","https://t.me/TheBookR/842?single"
"အရှင်ဆန္ဒာဓိက","တစ်ယောက်ထဲနေ တစ်စိတ်ထဲထား","https://t.me/TheBookR/843?single"
"အရှင်ဆန္ဒာဓိက","အနှိုင်းမဲ့ ကုသိုလ်","https://t.me/TheBookR/844?single"
"အရှင်ဆန္ဒာဓိက","ဘယ်အိမ်မှာ နေကြမှာလဲ","https://t.me/TheBookR/845?single"
"အရှင်ဆန္ဒာဓိက","အနှိုင်းမဲ့ ရနံ့","https://t.me/TheBookR/846?single"
"အရှင်ဆန္ဒာဓိက","စိတ်လျှော်ဖွတ်တဲ့ အလုပ်","https://t.me/TheBookR/847?single"
"အရှင်ဆန္ဒာဓိက","အနှိုင်းမဲ့ ဘာဝနာ","https://t.me/TheBookR/848?single"
"အရှင်ဆန္ဒာဓိက","ခိုင်မှ ခိုင်","https://t.me/TheBookR/849?single"
"အရှင်ဆန္ဒာဓိက","ငါသေသွားပြီ","https://t.me/TheBookR/850?single"
"အရှင်ဆန္ဒာဓိက","ကိုယ့်စိတ်ကိုယ်စစ်","https://t.me/TheBookR/851?single"
"အရှင်ဆန္ဒာဓိက","အနှိုင်းမဲ့ မြစ်","https://t.me/TheBookR/852?single"
"အရှင်ဆန္ဒာဓိက","တစ်ရာနှင့် တစ်ရက်","https://t.me/TheBookR/853?single"
"အရှင်ဆန္ဒာဓိက","ထူးမှထူး","https://t.me/TheBookR/854?single"
"အရှင်ဆန္ဒာဓိက","နှလုံးသား မိတ္တူရ","https://t.me/TheBookR/855?single"
"အရှင်ဆန္ဒာဓိက","တစ်ပွင့်ပန်လည်း လှပါ","https://t.me/TheBookR/856?single"
"အရှင်ဆန္ဒာဓိက","နံ့သာဖြင့် ထုံမွှမ်းအပ်သော","https://t.me/TheBookR/857?single"
"အရှင်ဆန္ဒာဓိက","ငြိမ်းအေးသော ဘဝ ပိုင်ရှင်","https://t.me/TheBookR/858?single"
"အရှင်ဆန္ဒာဓိက","နွားကလေးနက်ချောနှင့် ပုံပြင်များ","https://t.me/TheBookR/859?single"
"အရှင်ဆန္ဒာဓိက","တကယ်မသေခင် အစမ်းသေကြည့်ရအောင်","https://t.me/TheBookR/860?single"
"အရှင်ဆန္ဒာဓိက","ကြာလိုလူ","https://t.me/TheBookR/861?single"
"အရှင်ဆန္ဒာဓိက","ကျောင်းလှူသူသည် ကောင်းကျိုးချမ်းသာအားလုံးကို လှူရာရောက်သည်","https://t.me/TheBookR/862?single"
"အရှင်ဆန္ဒာဓိက","အနှိုင်းမဲ့ ချမ်းသာ","https://t.me/TheBookR/863?single"
"အရှင်ဆန္ဒာဓိက","ဆွဲအားနှင့် စွဲအား","https://t.me/TheBookR/864?single"
"အရှင်ဆန္ဒာဓိက","ဆေးပေါင်းခတဲ့ မျက်ရည်","https://t.me/TheBookR/865?single"
"အရှင်ဆန္ဒာဓိက","ဂုဏ်ရှိန်ပေါင်းစုတဲ့ ဘုံကထိန်ကောင်းမှု","https://t.me/TheBookR/866?single"
"အရှင်ဇနကာဘိဝံသ","ရတနာ့ဂုဏ်ရည်","https://t.me/TheBookR/1507?single"
"အရှင်ဇနကာဘိဝံသ","အနာဂတ် သာသနာရေး","https://t.me/TheBookR/201?single"
"အရှင်ဇနကာဘိဝံသ","နောက်ဆုံး ဆယ်လ မြတ်ဗုဒ္ဓ","https://t.me/TheBookR/200?single"
"အီကြာကွေး","နတ်ရူးတို့ ကြောင်နိုင်ပေ","https://t.me/TheBookR/3160?single"
"အောင်ခင်မြင့်","ဆိုနာတာ","https://t.me/TheBookR/775?single"
"အောင်ခင်မြင့်","လီလီပန်းများ","https://t.me/TheBookR/946?single"
"အောင်ခင်မြင့်","တကယ်မရှိသောနှစ်များ","https://t.me/TheBookR/2817?single"
"အောင်ခင်မြင့်","နိုင်ငံတော်သီချင်း","https://t.me/TheBookR/3190?single"
"အောင်ဆန်းစုကြည်","မြန်မာပြည်က ရေးတဲ့စာ","https://t.me/TheBookR/2954?single"
"အောင်ပြည့်","ပြိုမှာလေလား မိုးရဲ့","https://t.me/TheBookR/2799?single"
"အောင်မင်းဦး","ဆွဲဆောင်မှု၏ ဥပဒေသ","https://t.me/TheBookR/694?single"
"အောင်မေဃ","အိုရှိုး၏ သေဆုံးခြင်း အနုပညာ","https://t.me/TheBookR/558?single"
"အောင်ရင်ငြိမ်း","ရိုမန်းဘော့ထ် တွေရဲ့ ကမ္ဘာ","https://t.me/TheBookR/2939?single"
"အောင်လင်း","ပစ်တိုင်းထောင်","https://t.me/TheBookR/1451?single"
"အောင်လင်း","ငြိမ်းနှင့်ဗေဒါ","https://t.me/TheBookR/1396?single"
"အောင်သင်း","သရက်ထောင် ဖောက်ခဲ့စဉ်က","https://t.me/TheBookR/839?single"
"အဲလ်ဗစ်","အမြောက်ဆံလေးရဲ့ ဘဝခရီး","https://t.me/TheBookR/67?single"
"ဦးစံလှိုင်","ဆွန်ဇု၏ စစ်ပညာကျမ်း","https://t.me/TheBookR/1363?single"
"ဦးဇောတိက","အရှုပ်ထဲမှာ ရှင်းအောင်နေ","https://t.me/TheBookR/2322?single"
"ဦးဇောတိက","သတိဆိုတဲ့ နေအိမ်","https://t.me/TheBookR/1868?single"
"ဦးဇောတိက","ဘဝဆိုတဲ့ ကျောင်း","https://t.me/TheBookR/1838?single"
"ဦးမိုးမြင့်","ငွေရှာနည်း","https://t.me/TheBookR/1339?single"
"ဦးမြင့်ဆွေ(ဖြူး)","မြန်မာပြည်၏ ဟယ်လင်","https://t.me/TheBookR/425?single"
"ဦးလှဝင်း","ပါပီလွန် နှင့် ဗင်ဂို","https://t.me/TheBookR/618?single"
"ကျားပေါက်","ကြောင်တက်နင်းသွားသော စန္ဒယားခလုတ်များ","https://t.me/TheBookR/3514"
"ချမ်းမြေ့ဝင်း","ရထားပေါ်က မိန်းကလေး","https://t.me/TheBookR/80"
"ချမ်းမြေ့ဝင်း","စကားဝါ","https://t.me/TheBookR/101"
"ချမ်းမြေ့ဝင်း","မုယော","https://t.me/TheBookR/102"
"ချမ်းမြေ့ဝင်း","သံလွင်","https://t.me/TheBookR/103"
"ချမ်းမြေ့ဝင်း","ဂရုမစိုက်ခြင်း အနုပညာ","https://t.me/TheBookR/166"
"ချမ်းမြေ့ဝင်း","သားရဲစိတ်ဓာတ်","https://t.me/TheBookR/781"
"ချမ်းမြေ့ဝင်း","တစ် + တစ် = သုံး","https://t.me/TheBookR/1434"
"သတိုးတေဇ","ကွယ်လွန်သူတို့ ဝိညာဉ်","https://t.me/TheBookR/3538?single"
"နွေးနွေးအောင်","စွဲလမ်းဆိပ်","https://t.me/TheBookR/3498"
"- မောင်ရှင်စော","နှင်းရိပ်ပြာမှောင်","https://t.me/TheBookR/3087?single"
"- မောင်ရှင်စော","ကြောင်ကလေး ဝတ္ထုတို (၆)ပုဒ်","https://t.me/TheBookR/2945?single"
"ဦးနု","တာတေစနေသား","https://t.me/TheBookR/48"
"ဦးနု","ကာမတဏှာ","https://t.me/TheBookR/47"
"ဦးနု","ငါးနှစ်ရာသီဗမာပြည်","https://t.me/TheBookR/46"
"ဦးနု","မိတ္တဗလဋီကာ","https://t.me/TheBookR/44"
"ဦးနု","ရက်စက်ပါပေ့ကွယ်","https://t.me/TheBookR/43"
"ဦးနု","ငရဲဆိုတာ ချိုနဲ့လားဗျို့","https://t.me/TheBookR/42"
"အဘ","ရီရီစိုးနှင့် နှစ်ပေါင်း ၄၀","https://t.me/TheBookR"
"‌ရဲမြလွင်","လေပြည်ကလေး၏ တေးဆိုသံ","https://t.me/TheBookR/3584"
"နိုင်ဝင်းဆွေ","နွေတည","https://t.me/wownewbook/9"
"နိုင်ဝင်းဆွေ","မဟူရာမေတ္တာ","https://t.me/wownewbook/10"
"နိုင်ဝင်းဆွေ","မသိန်းရှင်ဆီ ပို့ပေးပါ","https://t.me/wownewbook/11"
"ဦးမြင့်‌ဆွေ(ဖြူး)","မြန်မာပြည်၏ဟယ်လင်","https://t.me/wownewbook/13"
"ခင်လှိုင်ကြူ","မဂျိုးကို ဘယ်လိုပြောရပါ့","https://t.me/TheBookR/3602"
"review","Youth's Book Reflections","https://youthsbookreflections.blogspot.com/?m=1"
"မဧကံ","ဂေဟာ","https://t.me/wownewbook/19"
"သစ်စိုး","ပဉ္စလက်ကကြိုး","https://t.me/TheBookR/3614?single"
